,cycle time,objective function,utilisation
0,1945.8256891736457,29.03085969350993,0.33995684593841646
1,2173.7868610427904,32.91525571599249,0.33145253013873527
