,cycle time,objective function,utilisation
0,3752.1782291027544,60.043535480467604,0.2492768337911632
