,cycle time,objective function,utilisation
0,426.3745089543542,3.9414945862049,0.3164747229701004
