server,busy time
station1server1,0.3455037282348875
station1server2,0.1326176745821319
station1server3,0.03496019997788102
station2server1,0.6658409721485916
station2server2,0.5277610743834418
station3server1,0.3574105030430179
station3server2,0.1419205296333174
station3server3,0.03098204963889373
station3server4,0.003749433709874369
station4server1,0.5507422153427094
station4server2,0.35423934216175096
station4server3,0.1511712104648098
station5server1,0.9724603841325459
