server,busy time
station1server1,0.34668644365574386
station1server2,0.1377596805452794
station1server3,0.030031000708105528
station2server1,0.6581065808731823
station2server2,0.5002326390937164
station3server1,0.3499830493166964
station3server2,0.1401093681234705
station3server3,0.03177037659024225
station3server4,0.004288590723802217
station4server1,0.5434237546338186
station4server2,0.3493224044814257
station4server3,0.1537947322072484
station5server1,0.9737870387798474
