server,busy time
station1server1,0.24757609047195991
station1server2,0.09495411442904245
station1server3,0.026943939135982704
station2server1,0.4345623829953068
station2server2,0.3383847913988685
station3server1,0.24542209285432928
station3server2,0.09895644371782565
station3server3,0.022347311600052676
station3server4,0.0044616249665248905
station4server1,0.3910011297247675
station4server2,0.23781052083360021
station4server3,0.09953334037674229
station5server1,0.9986450567801184
