server,busy time
station1server1,0.18652162846672932
station1server2,0.07458269438827715
station1server3,0.017168386219008756
station2server1,0.3715636785608554
station2server2,0.23395623468685395
station3server1,0.2247649109018457
station3server2,0.06103518140193768
station3server3,0.01284101346242775
station3server4,0.0
station4server1,0.3650394397538424
station4server2,0.16999689027749412
station4server3,0.03959012159397847
station5server1,0.8302796771709047
