server,busy time
station1server1,0.25414802052656615
station1server2,0.09086632799513195
station1server3,0.021240736708072194
station2server1,0.4336462122243449
station2server2,0.3407172837374333
station3server1,0.239736440190697
station3server2,0.09417821056371745
station3server3,0.02551944917500289
station3server4,0.004275035978873159
station4server1,0.39184445945201807
station4server2,0.23723702111866263
station4server3,0.10628301656758184
station5server1,1.0142111626588364
