server,busy time
station1server1,0.27561443325949897
station1server2,0.09345255034289231
station1server3,0.018935104488880174
station2server1,0.48557591859629934
station2server2,0.3660298359339204
station3server1,0.2700534997665092
station3server2,0.0932475591207921
station3server3,0.02236390707854147
station3server4,0.0029554568356626875
station4server1,0.45251277997949935
station4server2,0.2508495075210743
station4server3,0.10010145612473817
station5server1,1.1094715231839112
