server,busy time
station1server1,0.3262137990595556
station1server2,0.126894742906161
station1server3,0.03259114135924608
station2server1,1.021349242849237
station3server1,0.3172775475868862
station3server2,0.12934787191374633
station3server3,0.03425459068412215
station3server4,0.005120692247665781
station4server1,0.5833335049145916
station4server2,0.27722738356054044
station4server3,0.09899620133884651
station5server1,0.8753722605707802
