server,busy time
station1server1,0.18180775610804947
station1server2,0.045937823950970964
station1server3,0.010788975754131258
station2server1,0.3558778633891782
station2server2,0.2547551740511035
station3server1,0.1998630118310628
station3server2,0.041633776948901996
station3server3,0.0062989415221538945
station3server4,0.0
station4server1,0.31971693752673225
station4server2,0.15545105809839094
station4server3,0.05979445475971877
station5server1,0.7892282610627688
