server,busy time
station1server1,0.11296934648479465
station1server2,0.007602995615228679
station1server3,0.0
station2server1,0.30194351870940467
station2server2,0.13990100562956823
station3server1,0.12863416081224321
station3server2,0.0
station3server3,0.0
station3server4,0.0
station4server1,0.2666607253763954
station4server2,0.08372141557207828
station4server3,0.04003324141652102
station5server1,0.6050571002677034
