server,busy time
station1server1,0.3331945739790116
station1server2,0.10909869493949953
station1server3,0.026489963018161502
station2server1,0.663672900064232
station2server2,0.45692482755528646
station3server1,0.33348891599495795
station3server2,0.0970545281809082
station3server3,0.025566147083004233
station3server4,0.007521192994185102
station4server1,0.5275980628734115
station4server2,0.35151745517449634
station4server3,0.18787968229827606
station5server1,0.9941644544558743
