,busy time,server
0,268.9363498530744,station1server1
1,269.39853502351536,station1server2
2,265.90843318989874,station1server3
3,328.6871770127115,station2server1
4,323.6488654784636,station2server2
5,291.72065136632546,station3server1
6,278.64046755628215,station3server2
7,285.12645945904785,station3server3
8,254.9087972684649,station3server4
9,302.1944228993238,station4server1
10,285.8633044914907,station4server2
11,274.01197113465867,station4server3
12,320.1865329196894,station5server1
