,busy time,server
0,76.053077097994,station1server1
1,30.24477269714251,station1server2
2,31.91283583049578,station1server3
3,212.87541371218734,station2server1
4,151.05264145825714,station2server2
5,72.74965037273515,station3server1
6,62.20787137938652,station3server2
7,12.670126468775472,station3server3
8,0.0,station3server4
9,166.47130756221605,station4server1
10,99.9936784243889,station4server2
11,27.035740324351305,station4server3
12,283.17573199809414,station5server1
