server,busy time
station1server1,0.26048005312418476
station1server2,0.05480212272790305
station1server3,0.0
station2server1,0.29177544355275736
station2server2,0.1659351160448424
station3server1,0.2343076363662438
station3server2,0.0518573621708772
station3server3,0.0
station3server4,0.0
station4server1,0.44332669955729226
station4server2,0.1521942950765048
station4server3,0.0203391436535444
station5server1,0.5625586560098952
