,id,source patient,type,process time,cycle time
0,1,1,4,57.86029397835145,57.86029397835145
0,2,0,4,58.49156012753289,77.68239265643828
0,4,1,1,73.37166285586628,90.87766405621099
0,8,1,4,51.16192298114329,89.22805385573794
