,id,source patient,type,process time,cycle time
0,1,1,2,51.023206198009845,51.023206198009845
0,3,1,1,75.5516340772104,75.5516340772104
0,2,0,4,58.51317763584974,77.16047060040214
0,4,1,4,57.42198261658635,97.74761135924503
0,5,0,4,53.90419777504509,56.14634002901184
0,6,1,4,53.56267518041968,79.60527407545695
0,8,1,4,52.660649182338446,85.7247725915116
0,10,1,4,60.617286819580514,110.19964901161879
0,11,1,4,52.531027143194024,128.67218944468934
0,9,1,1,70.65118157725944,161.21539776034098
