,id,source patient,type,process time,cycle time
0,1,1,4,51.0646108349969,51.06461083499689
0,3,1,4,55.51973356150451,61.54141680175993
0,5,1,2,48.09171865314265,48.091718653142664
0,7,1,2,44.94620315226363,44.94620315226362
0,4,1,4,53.26634149854798,64.04659713617114
0,6,1,4,51.382436848476054,82.82265357020194
0,9,1,4,53.61353713445081,80.74893756137425
0,8,1,4,55.784334577677946,106.53506297131358
0,10,1,4,50.390766406176645,107.60370477341529
0,11,1,4,53.458866797527364,125.39262098307945
