server,busy time
station1server1,0.3556734496295802
station1server2,0.13757217512776104
station1server3,0.02847346361037115
station2server1,0.6758358838164678
station2server2,0.5147688048568271
station3server1,0.3551051458114206
station3server2,0.14107614782610967
station3server3,0.03253339511207561
station3server4,0.004090281491552816
station4server1,0.5546413856163344
station4server2,0.3580607022039228
station4server3,0.15599181470976425
station5server1,0.9972427758185367
