,"(3,2)Comparative new","(3,2)Comparative upgrade","(3,3)Comparative new","(3,3)Comparative upgrade","(4,2)Comparative new","(4,2)Comparative upgrade","(5,2)Comparative new","(5,2)Comparative upgrade"
"(3,2)Comparative new",,"[0.11643593670051224, 0.21844555615935735]","[-0.3992625334235915, -0.3136885362367805]","[-0.2563319863291438, -0.1617547797702967]","[-0.24178510862860503, -0.14949072041981448]","[-0.07277055794265697, 0.014326106486556307]","[-0.36879306973683607, -0.2729983272150673]","[-0.20736510284660276, -0.10851741892127437]"
"(3,2)Comparative upgrade",,,"[-0.5722805850198797, -0.4755519775003619]","[-0.42874136560027803, -0.32422689335903204]","[-0.41433838350398433, -0.31181893840430475]","[-0.2456776352115581, -0.14764830910441212]","[-0.5411283897940478, -0.4355445000177252]","[-0.3795225323487311, -0.27124148227901557]"
"(3,3)Comparative new",,,,"[0.10307954230085707, 0.19178476126007443]","[0.11772999530929854, 0.20394524530265398]","[0.287007711873394, 0.36749890633087734]","[-0.009434120312817568, 0.08059379302128625]","[0.15186948354314214, 0.24519906434935276]"
"(3,3)Comparative upgrade",,,,,"[-0.034164514949274645, 0.060975452000295645]","[0.13474163233503286, 0.22490068230830698]","[-0.16110665902958335, -0.06259797182287949]","[0.00037450711904549183, 0.1018297372125179]"
"(4,2)Comparative new",,,,,,"[0.12255401240859357, 0.21027736518372528]","[-0.17343187137755037, -0.07708369652593347]","[-0.01199279383894479, 0.08738610111948718]"
"(4,2)Comparative upgrade",,,,,,,"[-0.33740063082527083, -0.24594631467053182]","[-0.17606474943514522, -0.08137332087663124]"
"(5,2)Comparative new",,,,,,,,"[0.11167107532745657, 0.21423779985656966]"
"(5,2)Comparative upgrade",,,,,,,,
