,"(3,2)Comparative new","(3,2)Comparative upgrade","(3,3)Comparative new","(3,3)Comparative upgrade","(4,2)Comparative new","(4,2)Comparative upgrade","(5,2)Comparative new","(5,2)Comparative upgrade"
"(3,2)Comparative new",,"[0.16158211140485165, 0.17329938145501791]","[-0.3592934143539656, -0.3536576553064064]","[-0.21329185281173949, -0.20479491328770102]","[-0.19842209921355425, -0.19285372983486526]","[-0.03143028516582468, -0.027014166290275983]","[-0.3252906260733869, -0.31650077087851647]","[-0.16174000013483436, -0.15414252163304276]"
"(3,2)Comparative upgrade",,,"[-0.5287270509968893, -0.5191055115233523]","[-0.38162910171834385, -0.3713391572409662]","[-0.3672973867307617, -0.3588599351775274]","[-0.20187965531628127, -0.19144628899968896]","[-0.492825192302104, -0.48384769750966894]","[-0.33184951823056663, -0.31891449639718006]"
"(3,3)Comparative new",,,,"[0.14444099934994542, 0.1504233042109861]","[0.15787936148674556, 0.16379587912520696]","[0.32439730498705693, 0.33010931321721443]","[0.03316276280274428, 0.0379969099057244]","[0.1950741754071337, 0.2019943724853612]"
"(3,3)Comparative upgrade",,,,,"[0.01111677282061361, 0.01569416423040739]","[0.17570611265871214, 0.1839362019846277]","[-0.1157363981185165, -0.10796823273394633]","[0.04566013239781361, 0.05654411193374978]"
"(4,2)Comparative new",,,,,,"[0.16233161997005546, 0.17049975762226338]","[-0.12969023817477807, -0.12082532972870576]","[0.033288298440449865, 0.04210500884009252]"
"(4,2)Comparative upgrade",,,,,,,"[-0.29485951724753734, -0.28848742824826534]","[-0.13274921713389504, -0.12468885317788142]"
"(5,2)Comparative new",,,,,,,,"[0.15811444534395336, 0.16779442984007287]"
"(5,2)Comparative upgrade",,,,,,,,
